{
    "loss": 10.58505630493164,
    "accuracy": 0.4313725531101227
}