{
    "loss": 13.34356689453125,
    "accuracy": 0.4313725531101227
}